"","Mean_Temp","Num_Total_Crimes"
"1",39,407
"2",43,447
"3",50,518
"4",49,458
"5",43,373
"6",41,383
"7",40,427
"8",49,431
"9",50,520
"10",50,435
"11",44,351
"12",44,424
"13",40,377
"14",40,370
"15",49,410
"16",49,453
"17",44,458
"18",39,419
"19",38,388
"20",44,378
"21",36,342
"22",40,423
"23",45,466
"24",54,488
"25",49,395
"26",49,399
"27",51,390
"28",50,372
"29",51,408
"30",50,457
"31",48,464
"32",46,426
"33",51,391
"34",48,384
"35",45,400
"36",44,428
"37",45,432
"38",47,509
"39",59,410
"40",56,462
"41",57,415
"42",53,415
"43",51,432
"44",51,464
"45",52,522
"46",55,439
"47",56,409
"48",46,415
"49",53,418
"50",49,406
"51",54,457
"52",61,534
"53",66,495
"54",69,519
"55",60,502
"56",62,510
"57",54,406
"58",50,490
"59",57,537
"60",59,506
"61",54,468
"62",49,445
"63",50,434
"64",53,473
"65",50,474
"66",51,525
"67",55,496
"68",62,458
"69",62,437
"70",52,428
"71",50,479
"72",59,521
"73",65,567
"74",69,484
"75",72,511
"76",64,520
"77",63,488
"78",57,478
"79",55,502
"80",58,516
"81",61,522
"82",59,496
"83",55,435
"84",57,460
"85",55,475
"86",61,526
"87",61,547
"88",59,476
"89",58,399
"90",58,490
"91",63,456
"92",65,504
"93",68,545
"94",62,534
"95",57,557
"96",57,443
"97",56,438
"98",56,458
"99",59,471
"100",52,499
"101",56,525
"102",58,474
"103",64,462
"104",60,483
"105",59,487
"106",58,504
"107",65,587
"108",73,607
"109",68,497
"110",60,507
"111",59,498
"112",66,496
"113",69,521
"114",62,535
"115",58,519
"116",62,543
"117",61,459
"118",60,467
"119",65,483
"120",65,509
"121",70,579
"122",68,591
"123",63,548
"124",65,512
"125",62,602
"126",63,736
"127",68,641
"128",69,516
"129",72,580
"130",75,502
"131",70,499
"132",69,539
"133",73,466
"134",71,514
"135",69,570
"136",71,581
"137",66,500
"138",68,520
"139",73,477
"140",68,502
"141",71,565
"142",67,582
"143",71,541
"144",64,554
"145",61,514
"146",69,458
"147",72,529
"148",71,561
"149",66,559
"150",70,540
"151",69,513
"152",66,521
"153",67,476
"154",68,516
"155",66,506
"156",75,564
"157",81,617
"158",79,566
"159",78,500
"160",71,479
"161",68,498
"162",70,525
"163",69,526
"164",73,546
"165",78,528
"166",77,482
"167",75,527
"168",80,502
"169",83,512
"170",81,560
"171",70,535
"172",70,512
"173",68,502
"174",68,538
"175",65,538
"176",64,518
"177",63,513
"178",69,593
"179",67,502
"180",69,475
"181",70,546
"182",67,508
"183",67,499
"184",66,539
"185",63,549
"186",65,514
"187",67,478
"188",71,539
"189",72,551
"190",74,524
"191",76,540
"192",70,582
"193",62,477
"194",63,489
"195",60,448
"196",67,489
"197",71,527
"198",71,579
"199",68,567
"200",67,542
"201",71,569
"202",71,550
"203",65,501
"204",59,492
"205",62,567
"206",61,522
"207",60,476
"208",62,458
"209",64,474
"210",62,468
"211",66,531
"212",72,578
"213",65,570
"214",62,559
"215",66,524
"216",61,477
"217",58,486
"218",60,500
"219",57,551
"220",58,528
"221",60,513
"222",56,475
"223",58,469
"224",56,450
"225",57,439
"226",52,492
"227",61,488
"228",61,462
"229",63,474
"230",59,431
"231",53,494
"232",56,467
"233",58,496
"234",49,512
"235",48,420
"236",48,424
"237",48,391
"238",50,399
"239",49,470
"240",53,480
"241",56,552
"242",59,511
"243",63,500
"244",60,423
"245",57,492
"246",57,528
"247",57,551
"248",59,504
"249",62,495
"250",59,473
"251",56,482
"252",49,437
"253",45,443
"254",42,409
"255",42,429
"256",43,448
"257",49,417
"258",51,406
"259",50,436
"260",47,458
"261",46,494
"262",47,472
"263",50,422
"264",54,449
"265",53,432
"266",44,467
"267",43,298
"268",48,401
"269",50,442
"270",44,407
"271",46,409
"272",41,398
"273",42,378
"274",44,430
"275",53,482
"276",50,478
"277",49,431
"278",51,411
"279",52,409
"280",45,446
"281",43,414
"282",46,502
"283",43,466
"284",45,390
"285",48,432
"286",44,421
"287",45,416
"288",44,458
"289",40,469
"290",38,457
"291",46,426
"292",43,452
"293",38,394
"294",44,388
"295",47,425
"296",40,456
"297",45,525
"298",40,388
"299",43,425
"300",41,303
"301",40,386
"302",43,368
"303",39,435
"304",35,414
"305",37,410
"306",33,413
"307",32,453
"308",37,415
"309",36,403
"310",38,444
"311",36,398
"312",37,399
"313",46,451
"314",50,398
"315",45,380
"316",37,399
"317",35,442
"318",30,393
"319",30,375
"320",32,368
"321",36,365
"322",36,378
"323",38,412
"324",36,443
"325",31,435
"326",35,406
"327",33,378
"328",33,351
"329",34,364
"330",39,425
"331",41,419
"332",43,421
"333",40,349
"334",43,359
"335",46,367
"336",47,402
"337",48,424
"338",46,498
"339",45,471
"340",41,426
"341",47,431
"342",48,422
"343",48,422
"344",43,415
"345",39,445
"346",39,434
"347",43,394
"348",44,420
"349",49,388
"350",48,432
"351",44,466
"352",50,515
"353",45,464
"354",42,420
"355",42,366
"356",46,406
"357",42,406
"358",43,389
"359",43,420
"360",42,433
"361",45,422
"362",44,412
"363",43,404
"364",48,390
"365",52,415
"366",56,509
"367",50,464
"368",43,477
"369",43,396
"370",44,415
"371",44,395
"372",46,411
"373",45,456
"374",45,466
"375",42,385
"376",49,390
"377",54,389
"378",55,438
"379",55,427
"380",55,447
"381",46,474
"382",44,472
"383",46,455
"384",44,382
"385",48,389
"386",44,447
"387",41,433
"388",42,430
"389",46,400
"390",51,387
"391",47,435
"392",54,464
"393",57,428
"394",59,493
"395",60,535
"396",62,488
"397",58,512
"398",59,479
"399",55,462
"400",57,412
"401",56,468
"402",51,409
"403",48,398
"404",48,440
"405",48,428
"406",52,411
"407",49,449
"408",47,407
"409",46,454
"410",47,444
"411",47,441
"412",48,444
"413",48,455
"414",53,460
"415",54,433
"416",54,472
"417",49,451
"418",51,496
"419",53,499
"420",57,454
"421",61,481
"422",62,562
"423",59,501
"424",60,499
"425",54,478
"426",50,457
"427",56,496
"428",61,492
"429",64,537
"430",65,557
"431",67,544
"432",69,550
"433",63,480
"434",62,489
"435",65,499
"436",68,599
"437",71,631
"438",66,476
"439",64,505
"440",57,509
"441",55,477
"442",60,427
"443",58,523
"444",55,511
"445",60,446
"446",61,456
"447",53,444
"448",47,375
"449",51,449
"450",54,496
"451",59,517
"452",60,484
"453",54,428
"454",59,455
"455",59,481
"456",56,451
"457",60,522
"458",62,511
"459",64,519
"460",63,528
"461",67,562
"462",71,520
"463",69,511
"464",67,553
"465",65,584
"466",64,512
"467",60,534
"468",60,489
"469",59,454
"470",57,477
"471",62,522
"472",67,548
"473",66,524
"474",67,509
"475",64,461
"476",60,510
"477",61,485
"478",64,535
"479",66,580
"480",65,547
"481",63,513
"482",64,516
"483",66,506
"484",72,595
"485",77,599
"486",76,578
"487",81,576
"488",79,569
"489",75,514
"490",73,585
"491",65,680
"492",67,615
"493",68,582
"494",69,539
"495",69,495
"496",75,499
"497",69,525
"498",66,520
"499",64,539
"500",68,550
"501",73,517
"502",72,524
"503",76,529
"504",69,514
"505",70,497
"506",70,627
"507",70,534
"508",70,561
"509",70,503
"510",74,507
"511",74,546
"512",74,527
"513",74,590
"514",68,581
"515",64,514
"516",68,543
"517",70,532
"518",69,537
"519",62,524
"520",66,487
"521",71,583
"522",75,647
"523",75,590
"524",75,545
"525",74,532
"526",72,506
"527",69,565
"528",70,656
"529",69,589
"530",70,549
"531",72,535
"532",73,548
"533",73,526
"534",75,583
"535",72,545
"536",73,569
"537",72,551
"538",70,550
"539",75,569
"540",71,536
"541",69,570
"542",71,598
"543",65,523
"544",71,579
"545",72,534
"546",72,550
"547",73,551
"548",74,493
"549",74,581
"550",74,568
"551",72,552
"552",71,546
"553",68,537
"554",66,497
"555",65,566
"556",69,584
"557",72,588
"558",73,529
"559",77,517
"560",79,534
"561",72,534
"562",68,551
"563",71,612
"564",65,541
"565",65,541
"566",63,452
"567",64,449
"568",64,505
"569",63,527
"570",61,567
"571",60,502
"572",60,493
"573",56,428
"574",56,448
"575",58,481
"576",53,492
"577",61,584
"578",55,463
"579",56,444
"580",56,455
"581",49,468
"582",51,465
"583",55,525
"584",57,511
"585",59,501
"586",58,487
"587",54,447
"588",51,437
"589",53,482
"590",55,492
"591",54,445
"592",54,456
"593",55,452
"594",55,463
"595",53,418
"596",56,474
"597",57,538
"598",53,528
"599",54,455
"600",59,495
"601",58,488
"602",57,506
"603",57,462
"604",54,502
"605",56,504
"606",54,490
"607",49,460
"608",46,437
"609",45,421
"610",55,552
"611",51,591
"612",50,542
"613",47,459
"614",48,468
"615",50,446
"616",52,456
"617",53,481
"618",51,471
"619",46,490
"620",50,477
"621",51,444
"622",52,442
"623",50,416
"624",46,455
"625",44,511
"626",48,434
"627",51,412
"628",53,472
"629",46,409
"630",40,406
"631",38,428
"632",37,484
"633",43,403
"634",40,413
"635",40,390
"636",40,471
"637",41,447
"638",41,331
"639",36,371
"640",46,394
"641",53,398
"642",43,455
"643",35,412
"644",30,388
"645",26,415
"646",27,397
"647",23,423
"648",20,426
"649",22,412
"650",31,400
"651",34,418
"652",32,422
"653",41,484
"654",40,492
"655",43,429
"656",42,503
"657",38,420
"658",37,460
"659",33,420
"660",40,436
"661",47,455
"662",49,465
"663",43,471
"664",35,443
"665",38,322
"666",38,379
"667",36,396
"668",41,418
"669",37,375
"670",39,397
"671",42,455
"672",39,553
"673",41,383
"674",39,466
"675",34,429
"676",37,418
"677",37,414
"678",40,383
"679",46,376
"680",45,409
"681",53,440
"682",51,444
"683",49,410
"684",51,473
"685",43,426
"686",40,424
"687",37,423
"688",38,469
"689",39,484
"690",39,395
"691",41,394
"692",39,391
"693",40,377
"694",40,391
"695",41,466
"696",39,453
"697",36,386
"698",37,389
"699",42,388
"700",47,407
"701",46,449
"702",45,463
"703",42,483
"704",39,431
"705",37,459
"706",31,378
"707",25,356
"708",21,426
"709",24,432
"710",28,406
"711",30,299
"712",37,336
"713",46,387
"714",50,421
"715",50,449
"716",50,513
"717",49,511
"718",46,458
"719",49,436
"720",46,405
"721",42,392
"722",45,427
"723",45,468
"724",39,463
"725",42,438
"726",43,463
"727",45,449
"728",46,397
"729",41,370
"730",49,464
"731",41,477
"732",43,414
"733",51,437
"734",54,465
"735",53,429
"736",51,423
"737",53,521
"738",47,464
"739",55,488
"740",46,455
"741",47,520
"742",49,473
"743",48,474
"744",54,537
"745",53,567
"746",52,470
"747",47,454
"748",48,482
"749",47,406
"750",42,443
"751",46,469
"752",48,432
"753",49,484
"754",53,519
"755",53,496
"756",49,450
"757",52,480
"758",50,465
"759",52,489
"760",48,434
"761",49,466
"762",48,424
"763",52,478
"764",51,478
"765",53,551
"766",51,463
"767",57,487
"768",61,516
"769",58,471
"770",53,504
"771",54,502
"772",55,551
"773",56,519
"774",56,486
"775",58,489
"776",55,488
"777",54,434
"778",53,481
"779",50,552
"780",51,512
"781",54,397
"782",57,513
"783",49,454
"784",51,471
"785",54,485
"786",50,481
"787",50,475
"788",51,437
"789",52,486
"790",63,529
"791",68,507
"792",71,504
"793",65,590
"794",56,520
"795",57,416
"796",57,483
"797",57,511
"798",54,478
"799",55,429
"800",53,449
"801",55,517
"802",56,515
"803",63,548
"804",68,479
"805",72,534
"806",71,593
"807",62,554
"808",63,591
"809",57,465
"810",62,534
"811",64,525
"812",62,492
"813",68,590
"814",65,554
"815",63,552
"816",62,489
"817",63,463
"818",60,574
"819",57,529
"820",60,497
"821",63,544
"822",64,564
"823",63,530
"824",65,554
"825",59,478
"826",62,557
"827",63,478
"828",65,633
"829",66,571
"830",68,553
"831",65,506
"832",62,504
"833",66,577
"834",62,552
"835",60,574
"836",60,549
"837",59,530
"838",56,529
"839",56,497
"840",60,530
"841",67,553
"842",63,591
"843",64,551
"844",68,570
"845",70,597
"846",68,574
"847",69,557
"848",64,542
"849",66,623
"850",66,581
"851",65,541
"852",70,562
"853",79,586
"854",72,600
"855",67,649
"856",68,701
"857",72,618
"858",76,564
"859",75,605
"860",75,565
"861",72,555
"862",71,561
"863",74,598
"864",78,591
"865",68,560
"866",73,589
"867",76,576
"868",76,613
"869",71,596
"870",69,585
"871",75,612
"872",66,564
"873",68,538
"874",67,528
"875",64,517
"876",65,510
"877",66,597
"878",71,568
"879",74,600
"880",78,584
"881",76,585
"882",75,578
"883",77,577
"884",78,673
"885",76,664
"886",76,606
"887",79,605
"888",71,623
"889",74,567
"890",70,556
"891",69,561
"892",72,623
"893",79,581
"894",84,552
"895",74,559
"896",71,594
"897",71,594
"898",72,649
"899",74,640
"900",76,598
"901",76,618
"902",74,586
"903",69,585
"904",67,608
"905",71,604
"906",74,593
"907",70,614
"908",75,564
"909",78,569
"910",77,596
"911",72,582
"912",70,631
"913",66,613
"914",68,620
"915",67,527
"916",68,598
"917",64,576
"918",68,578
"919",73,622
"920",76,644
"921",71,556
"922",66,592
"923",67,571
"924",67,552
"925",69,539
"926",68,614
"927",70,632
"928",71,592
"929",72,592
"930",66,563
"931",69,592
"932",67,611
"933",72,642
"934",77,657
"935",74,598
"936",66,614
"937",64,573
"938",63,588
"939",66,565
"940",66,628
"941",64,600
"942",65,611
"943",59,543
"944",59,550
"945",58,550
"946",59,583
"947",64,628
"948",66,610
"949",70,629
"950",71,600
"951",70,611
"952",63,574
"953",64,571
"954",61,578
"955",66,606
"956",58,542
"957",62,505
"958",58,531
"959",57,526
"960",61,569
"961",59,610
"962",64,592
"963",65,556
"964",59,546
"965",58,400
"966",57,515
"967",56,457
"968",53,546
"969",57,603
"970",55,497
"971",54,539
"972",55,478
"973",59,527
"974",59,550
"975",53,615
"976",49,667
"977",50,520
"978",55,497
"979",59,560
"980",58,506
"981",56,529
"982",51,515
"983",50,502
"984",50,425
"985",50,502
"986",41,524
"987",37,464
"988",35,408
"989",37,452
"990",36,437
"991",36,433
"992",37,473
"993",37,489
"994",42,470
"995",41,487
"996",48,499
"997",47,540
"998",50,490
"999",50,491
"1000",59,500
"1001",58,539
"1002",57,376
"1003",50,490
"1004",37,465
"1005",33,405
"1006",33,489
"1007",32,488
"1008",43,482
"1009",39,471
"1010",43,544
"1011",48,532
"1012",44,526
"1013",47,537
"1014",49,478
"1015",51,521
"1016",54,581
"1017",48,587
"1018",45,534
"1019",44,513
"1020",47,526
"1021",45,484
"1022",42,504
"1023",46,522
"1024",48,555
"1025",52,548
"1026",55,530
"1027",50,550
"1028",50,560
"1029",44,469
"1030",46,366
"1031",44,488
"1032",44,496
"1033",44,431
"1034",38,443
"1035",31,472
"1036",29,459
"1037",32,592
"1038",34,465
"1039",38,471
"1040",46,520
"1041",50,534
"1042",43,526
"1043",43,471
"1044",40,483
"1045",44,501
"1046",39,473
"1047",43,472
"1048",45,456
"1049",42,462
"1050",41,447
"1051",37,420
"1052",47,486
"1053",49,492
"1054",54,502
"1055",46,533
"1056",43,436
"1057",40,462
"1058",43,480
"1059",44,516
"1060",52,532
"1061",45,511
"1062",48,531
"1063",46,504
"1064",50,512
"1065",46,536
"1066",43,486
"1067",40,523
"1068",42,506
"1069",51,512
"1070",46,515
"1071",48,556
"1072",48,510
"1073",53,558
"1074",54,480
"1075",52,513
"1076",50,475
"1077",50,524
"1078",49,498
"1079",50,469
"1080",46,496
"1081",52,534
"1082",50,514
"1083",50,499
"1084",53,478
"1085",49,485
"1086",52,493
"1087",51,577
"1088",48,526
"1089",49,503
"1090",46,527
"1091",46,472
"1092",48,506
"1093",51,469
"1094",51,551
"1095",48,576
"1096",44,558
"1097",49,512
"1098",44,490
"1099",45,492
"1100",47,549
"1101",50,499
"1102",51,508
"1103",53,505
"1104",54,549
"1105",51,539
"1106",55,501
"1107",59,559
"1108",58,574
"1109",55,536
"1110",55,599
"1111",52,537
"1112",51,488
"1113",55,507
"1114",53,571
"1115",57,570
"1116",55,528
"1117",51,451
"1118",50,463
"1119",51,502
"1120",54,524
"1121",59,538
"1122",58,518
"1123",55,548
"1124",57,535
"1125",57,525
"1126",49,518
"1127",48,505
"1128",50,562
"1129",45,551
"1130",49,525
"1131",49,445
"1132",48,473
"1133",53,496
"1134",52,530
"1135",54,568
"1136",52,561
"1137",52,575
"1138",51,507
"1139",50,448
"1140",47,521
"1141",48,499
"1142",56,572
"1143",58,647
"1144",60,582
"1145",61,584
"1146",65,565
"1147",54,515
"1148",52,540
"1149",48,498
"1150",51,519
"1151",53,592
"1152",52,511
"1153",67,610
"1154",57,572
"1155",54,558
"1156",58,569
"1157",62,610
"1158",59,614
"1159",61,556
"1160",56,562
"1161",57,558
"1162",55,603
"1163",59,565
"1164",64,656
"1165",67,607
"1166",62,508
"1167",57,544
"1168",54,509
"1169",57,509
"1170",59,547
"1171",57,551
"1172",57,521
"1173",62,573
"1174",65,587
"1175",59,546
"1176",65,561
"1177",66,605
"1178",58,582
"1179",59,569
"1180",61,562
"1181",60,531
"1182",63,622
"1183",67,589
"1184",70,622
"1185",70,631
"1186",65,620
"1187",70,590
"1188",60,560
"1189",59,596
"1190",62,636
"1191",64,608
"1192",71,612
"1193",75,719
"1194",77,596
"1195",77,650
"1196",76,614
"1197",67,611
"1198",66,630
"1199",63,635
"1200",64,606
"1201",69,572
"1202",75,618
"1203",66,583
"1204",67,620
"1205",71,593
"1206",69,642
"1207",67,576
"1208",72,612
"1209",67,608
"1210",70,615
"1211",74,616
"1212",77,671
"1213",81,632
"1214",82,598
"1215",77,636
"1216",77,613
"1217",77,555
"1218",79,650
"1219",82,680
"1220",81,714
"1221",78,754
"1222",82,723
"1223",77,717
"1224",74,647
"1225",76,668
"1226",75,632
"1227",72,708
"1228",69,641
"1229",74,525
"1230",73,563
"1231",72,589
"1232",72,617
"1233",71,608
"1234",73,644
"1235",79,637
"1236",81,587
"1237",74,639
"1238",69,616
"1239",65,551
"1240",70,680
"1241",70,656
"1242",65,635
"1243",65,598
"1244",66,632
"1245",73,682
"1246",79,623
"1247",83,566
"1248",83,647
"1249",80,668
"1250",74,679
"1251",74,681
"1252",71,646
"1253",67,586
"1254",68,637
"1255",73,721
"1256",73,657
"1257",74,616
"1258",76,588
"1259",77,631
"1260",79,654
"1261",75,607
"1262",69,649
"1263",70,709
"1264",70,592
"1265",75,658
"1266",78,610
"1267",80,673
"1268",70,695
"1269",70,708
"1270",70,682
"1271",73,653
"1272",70,635
"1273",70,636
"1274",73,697
"1275",74,738
"1276",73,704
"1277",70,725
"1278",66,636
"1279",68,604
"1280",67,608
"1281",66,549
"1282",59,618
"1283",60,609
"1284",59,636
"1285",55,573
"1286",64,587
"1287",67,611
"1288",72,670
"1289",74,627
"1290",76,702
"1291",77,709
"1292",66,631
"1293",57,584
"1294",58,572
"1295",62,554
"1296",62,581
"1297",65,643
"1298",66,670
"1299",69,655
"1300",62,621
"1301",61,566
"1302",61,571
"1303",66,625
"1304",62,643
"1305",61,592
"1306",58,536
"1307",65,607
"1308",65,645
"1309",63,673
"1310",63,626
"1311",57,648
"1312",59,652
"1313",65,656
"1314",68,618
"1315",66,661
"1316",63,624
"1317",66,690
"1318",63,635
"1319",64,617
"1320",59,571
"1321",59,587
"1322",61,551
"1323",62,552
"1324",65,578
"1325",62,676
"1326",62,676
"1327",62,599
"1328",60,585
"1329",59,573
"1330",57,599
"1331",56,588
"1332",53,593
"1333",60,629
"1334",58,548
"1335",55,593
"1336",54,557
"1337",56,531
"1338",59,631
"1339",59,645
"1340",59,699
"1341",57,617
"1342",53,543
"1343",49,550
"1344",45,573
"1345",50,528
"1346",56,588
"1347",48,562
"1348",51,469
"1349",48,570
"1350",46,556
"1351",49,522
"1352",45,541
"1353",55,570
"1354",58,559
"1355",48,551
"1356",45,521
"1357",53,541
"1358",46,494
"1359",44,529
"1360",45,583
"1361",42,541
"1362",37,501
"1363",37,522
"1364",39,505
"1365",40,504
"1366",38,367
"1367",38,443
"1368",39,493
"1369",35,439
"1370",31,507
"1371",38,465
"1372",39,534
"1373",45,552
"1374",47,573
"1375",45,544
"1376",51,537
"1377",55,583
"1378",59,560
"1379",53,586
"1380",49,530
"1381",45,580
"1382",47,523
"1383",46,486
"1384",40,551
"1385",39,507
"1386",43,546
"1387",47,532
"1388",48,574
"1389",45,530
"1390",45,496
"1391",46,580
"1392",42,468
"1393",40,559
"1394",40,537
"1395",39,419
"1396",38,446
"1397",38,474
"1398",38,472
"1399",36,492
"1400",37,485
"1401",36,520
"1402",34,536
"1403",32,478
"1404",30,490
"1405",34,407
"1406",36,469
"1407",37,503
"1408",41,505
"1409",38,546
"1410",40,474
"1411",40,516
"1412",40,533
"1413",41,479
"1414",45,522
"1415",43,493
"1416",43,534
"1417",47,522
"1418",45,460
"1419",46,489
"1420",45,504
"1421",46,534
"1422",49,481
"1423",52,566
"1424",48,593
"1425",44,522
"1426",49,560
"1427",47,514
"1428",51,550
"1429",52,505
"1430",47,566
"1431",43,528
"1432",42,516
"1433",43,519
"1434",41,552
"1435",45,507
"1436",50,557
"1437",49,597
"1438",47,542
"1439",53,556
"1440",50,561
"1441",52,531
"1442",52,572
"1443",52,560
"1444",52,531
"1445",49,499
"1446",54,551
"1447",56,607
"1448",52,564
"1449",55,527
"1450",46,514
"1451",48,537
"1452",46,603
"1453",44,477
"1454",45,543
"1455",46,541
"1456",52,498
"1457",51,559
"1458",52,522
"1459",54,567
"1460",52,546
"1461",49,548
"1462",53,548
"1463",51,509
"1464",54,556
"1465",51,568
"1466",55,579
"1467",51,481
"1468",49,529
"1469",43,454
"1470",48,503
"1471",51,553
"1472",47,566
"1473",48,527
"1474",48,470
"1475",47,499
"1476",45,482
"1477",49,526
"1478",47,502
"1479",54,558
"1480",57,529
"1481",53,542
"1482",50,539
"1483",51,529
"1484",50,555
"1485",51,492
"1486",50,515
"1487",50,553
"1488",48,490
"1489",48,537
"1490",50,535
"1491",57,587
"1492",60,538
"1493",61,624
"1494",58,617
"1495",59,594
"1496",54,602
"1497",54,583
"1498",57,570
"1499",66,665
"1500",67,669
"1501",59,624
"1502",56,509
"1503",57,586
"1504",54,522
"1505",53,556
"1506",50,544
"1507",52,545
"1508",56,537
"1509",64,544
"1510",70,659
"1511",72,621
"1512",68,571
"1513",64,635
"1514",59,615
"1515",57,576
"1516",50,494
"1517",52,545
"1518",50,510
"1519",55,555
"1520",56,582
"1521",55,593
"1522",56,611
"1523",64,602
"1524",71,670
"1525",65,602
"1526",59,578
"1527",63,610
"1528",68,657
"1529",71,671
"1530",60,563
"1531",61,560
"1532",64,543
"1533",67,514
"1534",67,562
"1535",71,668
"1536",57,607
"1537",56,536
"1538",58,571
"1539",65,560
"1540",65,579
"1541",54,547
"1542",58,578
"1543",56,539
"1544",58,560
"1545",61,598
"1546",64,531
"1547",62,560
"1548",58,553
"1549",56,602
"1550",61,588
"1551",63,555
"1552",63,563
"1553",71,607
"1554",70,603
"1555",65,597
"1556",73,650
"1557",81,622
"1558",83,607
"1559",77,638
"1560",74,630
"1561",66,601
"1562",59,577
"1563",58,605
"1564",60,578
"1565",63,585
"1566",59,554
"1567",57,501
"1568",57,567
"1569",59,628
"1570",62,611
"1571",59,582
"1572",63,549
"1573",70,596
"1574",67,609
"1575",67,584
"1576",61,570
"1577",61,582
"1578",65,653
"1579",74,581
"1580",74,650
"1581",68,671
"1582",68,640
"1583",68,559
"1584",68,689
"1585",71,627
"1586",68,631
"1587",64,609
"1588",64,642
"1589",69,654
"1590",67,610
"1591",67,630
"1592",66,587
"1593",65,574
"1594",67,619
"1595",68,601
"1596",70,605
"1597",70,617
"1598",64,626
"1599",68,561
"1600",67,596
"1601",70,591
"1602",70,595
"1603",71,661
"1604",75,577
"1605",66,596
"1606",68,623
"1607",73,623
"1608",74,647
"1609",72,619
"1610",74,587
"1611",78,630
"1612",80,576
"1613",70,611
"1614",68,546
"1615",68,640
"1616",68,665
"1617",67,639
"1618",76,594
"1619",70,641
"1620",66,579
"1621",67,599
"1622",65,630
"1623",64,639
"1624",70,590
"1625",75,593
"1626",81,641
"1627",80,656
"1628",74,631
"1629",74,627
"1630",73,637
"1631",71,576
"1632",80,575
"1633",82,640
"1634",82,656
"1635",70,565
"1636",64,663
"1637",70,640
"1638",76,603
"1639",78,640
"1640",79,719
"1641",72,658
"1642",71,607
"1643",73,641
"1644",66,591
"1645",64,600
"1646",59,569
"1647",62,649
"1648",60,589
"1649",62,545
"1650",61,556
"1651",62,582
"1652",68,574
"1653",67,599
"1654",68,592
"1655",69,637
"1656",63,559
"1657",65,686
"1658",67,609
"1659",65,631
"1660",67,617
"1661",68,673
"1662",60,630
"1663",63,568
"1664",59,630
"1665",61,617
"1666",63,630
"1667",57,580
"1668",57,628
"1669",61,639
"1670",67,652
"1671",72,650
"1672",67,676
"1673",63,604
"1674",62,623
"1675",58,649
"1676",58,612
"1677",56,576
"1678",54,534
"1679",58,595
"1680",59,560
"1681",59,601
"1682",59,620
"1683",64,598
"1684",57,551
"1685",53,552
"1686",54,573
"1687",53,529
"1688",56,527
"1689",60,563
"1690",59,582
"1691",56,541
"1692",56,521
"1693",54,549
"1694",53,552
"1695",58,565
"1696",58,622
"1697",57,572
"1698",58,565
"1699",56,555
"1700",56,552
"1701",59,547
"1702",56,551
"1703",59,604
"1704",56,642
"1705",51,577
"1706",54,602
"1707",56,599
"1708",59,588
"1709",56,625
"1710",57,645
"1711",56,607
"1712",57,602
"1713",58,564
"1714",57,607
"1715",59,580
"1716",57,569
"1717",57,583
"1718",57,563
"1719",53,506
"1720",55,534
"1721",53,563
"1722",47,567
"1723",47,585
"1724",46,586
"1725",50,540
"1726",52,521
"1727",51,561
"1728",49,554
"1729",48,550
"1730",51,437
"1731",49,526
"1732",50,563
"1733",47,507
"1734",48,571
"1735",48,538
"1736",47,493
"1737",43,575
"1738",46,577
"1739",47,553
"1740",41,520
"1741",37,517
"1742",37,465
"1743",34,549
"1744",32,495
"1745",33,540
"1746",38,550
"1747",44,499
"1748",43,516
"1749",38,557
"1750",31,517
"1751",29,458
"1752",32,535
"1753",31,429
"1754",33,478
"1755",39,503
"1756",44,602
"1757",34,557
"1758",38,479
"1759",39,577
"1760",34,469
"1761",38,403
"1762",34,459
"1763",42,545
"1764",39,504
"1765",38,479
"1766",38,526
"1767",35,523
