height (inches),left handspan (cm),right handspan (cm),sex,handedness,dominate eye
72,23.52,23.2,m,r,l
69,22.5,23,m,r,l
65,19.5,19.5,f,r,r
70,16,17,f,r,r
70.5,21.5,21.6,f,r,l
76,25,23.5,m,r,l
68,23.1,23,m,r,l
67,18,18,f,l,l
75,22.8,22.9,m,r,r
74,17.5,17.5,m,r,l
73,22.4,22.6,m,l,r
65,13.7,13.5,f,r,l
69,20.6,20.1,m,r,l
66,20.5,20.2,m,l,r
67,24,24,m,r,r
70,23.5,23.4,m,r,r
65,18.5,18.5,m,r,r
70,19.6,19.8,f,r,r
67,19.9,19.4,f,r,r
62,14,14,f,r,r
63,15.5,16,f,r,r
66,17,18,f,r,r
69.75,14.5,14.5,m,r,l
62,15,15,f,r,l
70,16,16,f,r,r
71,21.4,21.6,m,r,r
71,20,19.5,m,r,r
75,21,21,m,r,l
66,18.3,18.8,m,r,r
66.5,18,17.5,f,r,r
70,20.8,20.8,m,r,r
68.5,17.9,17.5,f,r,r
71,20.1,20.4,m,r,l
63.5,14.6,14.8,f,r,r
67,14.5,14.5,f,l,r
73,22,22,m,r,l
69,20.5,18.5,f,l,r
66.5,20.5,20.5,f,r,r
64,20.5,20.8,f,r,r
65,17.5,17.5,f,r,l
66,23,22.5,m,r,r
63,19,18,f,r,r
64,17.3,17.3,f,r,r
72,20,20.5,m,r,r
61.5,13,13.1,f,r,r
64,18,18,f,r,r
66,21.5,21.4,m,r,r
62,15,16,f,r,l
70,16.3,15.9,m,r,r
77,24.1,24.3,m,l,l
71,20.5,20.1,m,r,l
68.5,18.5,18.4,f,r,r
67.5,21.2,20.2,f,r,r
70,21.5,22,m,r,l
67,21,21.2,m,r,r
72,21,20.5,m,r,r
70,20.2,20,m,l,l
64,20.9,21.5,f,r,l
63,21,21,f,r,l
68,18.6,18.3,f,r,r
72,23,23,m,r,r
73,24,23.8,m,r,r
64,17,17.5,f,r,r
67,18.5,18.5,m,r,r
71,21.4,21.3,m,r,l
64.5,20.5,20.4,f,r,l
74,21.5,23.5,m,r,l
63,16.5,16,f,r,r
69,20,20.5,f,r,l
68,15.5,15.5,f,r,r
65.5,17,17,f,r,r
61,15.3,15,f,r,r
66,19,18,f,r,r
60.5,17.5,17,f,r,l
64,14.9,15,f,r,r
69.5,19.5,20.5,m,r,l
73,21.7,21.9,m,r,r
72.8,21.5,20.5,m,r,r
63,17.5,18,f,r,r
62,17.5,18.3,f,r,r
68,20,20.5,f,r,l
72,21,21,m,r,r
68.5,19.5,18,f,r,r
64,19.4,19.8,f,r,l
62,14.5,15.9,f,l,l
69,18.5,17.5,f,r,r
63.5,17,16.5,f,r,r
66,20,20.5,m,r,r
73,23,23,m,r,r
71,18,18.5,f,r,l
69,17.9,18.1,f,l,r
76,21.2,20.9,m,l,r
77,22,22,m,r,r
68,21,21.5,m,r,l
70,18.1,18,m,l,r
72,21.5,19.5,m,r,r
63,15.5,16,f,r,r
73.5,19.8,19.8,m,r,r
67,15.5,13.75,f,r,r
62,15,15,f,r,r
70,16,16.5,m,r,l
66,21.5,22,m,r,r
74,20.6,20.7,m,r,l
63,14.5,15.5,f,r,r
62,12,12,f,r,l
74,21.5,21.7,m,r,l
62,14,14,f,r,l
65,20,20,f,r,l
59,15.5,16,f,r,l
70,21,21,m,r,r
74,19,21,m,r,r
70,20.2,19.5,m,r,l
61,14.5,15,f,r,l
68,19,19,f,r,r
75,22.5,22,m,r,l
70,19.3,19.5,f,r,r
61,19,19,f,r,r
66,16.5,16,f,r,l
70,20,20.5,m,r,r
68,15,14.5,f,r,r
69,15,15.5,f,r,r
64.5,16,16,f,r,l
69,19.5,19.5,f,l,l
63,19,20,f,r,l
72,21,21.5,m,r,l
72,17,18,m,r,l
58.5,17.4,16.3,f,r,r
72.5,23,23,m,r,r
62,12,14,f,r,l
65,16,16,f,r,r
62.5,17,16,f,r,l
61,18.5,18.2,f,r,r
71,17,17.5,f,r,r
68,17,18,f,r,l
65.5,19,19,f,r,r
65,18.5,18.7,f,r,l
63,19,18,f,r,l
74,21.9,21.7,m,r,l
71,21.8,22,m,r,r
62,14,16,f,r,l
72,21.1,21,m,r,r
67,18.5,19.5,m,r,r
70,20.2,20.4,m,r,r
65,20.5,19,f,r,l
65,20,19.5,f,r,r
68,20.1,20.2,f,l,r
72,21.5,21.5,m,r,r
66,21.5,20.5,f,r,l
69,21.5,22.2,m,r,r
67,21.2,21.5,f,r,r
60,19.3,19.5,f,r,l
66,20.5,20.4,f,r,r
69,20,20.5,m,r,r
66,21.3,21.4,m,r,l
76,24,24,m,r,r
68,21.2,20.1,m,r,r
65,16.5,16.5,f,r,r
70,18.7,19.2,m,r,l
68,20.6,20.4,m,l,r
69,21,20.6,m,l,l
60,19.5,19,f,r,r
63,18,17,f,r,r
69,20,19.5,f,r,r
72,19.5,19.8,m,r,r
69,20.2,22,m,r,r
74,23.6,23.6,m,r,r
72,23,22.3,f,l,r
66,20,20,m,r,r
67,18.3,18.1,m,r,l
62,17,16,f,l,l
72,21,21,m,r,l
67,19.3,20,f,r,l
64,20.7,21.5,f,r,r
66,20.5,20.5,f,r,r
71,18.5,18.2,f,r,r
63,19,18.2,f,r,l
65,20,20.5,f,r,r
70,20,19,m,r,r
67.75,20,18.3,m,r,r
70,23,23.2,m,r,r
68.1,22,21.8,m,r,l
75,23.3,23.5,m,r,l
75,23.5,23.5,m,r,l
69,20,19,m,l,l
67,23,24,m,r,r
72,20.1,19,m,r,l
72,22.5,23.4,m,r,r
75,24.1,24,m,r,r
71,23,23.5,m,r,l
68,21,20.9,m,r,r
70,24,24,m,r,l
65,22.5,23.4,m,l,l
72,19.7,19.6,m,r,r
65,16,15,f,r,l
75,22.5,22.4,m,r,r
64,20.5,20.5,f,r,r
70,22,22,f,r,r
63,21,21,f,r,r
69,23,22.5,m,r,r
66,20.5,21,f,r,r
64,20.9,21.6,f,r,l
67,20.1,20,f,r,r
62,19.5,19.5,f,r,r
68,23,23.5,f,r,l
65,19.5,20,f,r,r
74,22.8,22.6,m,r,l
62,16.5,17,f,r,r
65.5,19,20,f,r,r
61,18.9,19,f,r,l
69,21,20.5,f,r,l
69,20.8,22,m,r,r
69,19.8,19.2,f,r,r
60,19,18.9,f,r,r
67,17,16.5,f,r,r
63,18,18.5,f,r,r
66,17.5,16.5,f,r,r
70,20.5,19.9,m,l,r
63,20.5,21,f,r,l
73,22.5,21.8,m,r,l
72,24.6,24.5,m,r,r
67,21,22,m,r,l
71,22.5,22.6,m,r,l
67,17.5,17.5,f,r,r
62.5,15,15,f,r,l
66,21.5,21,m,r,r
70,18.6,19,f,r,r
65,20.6,19.9,f,r,r
64,19.5,19.4,f,r,r
62,13.1,16.8,f,l,l
62,19.5,19.1,f,r,l
77,21.2,22.3,m,r,l
58.5,18.5,19,f,r,r
62,16,16,f,l,l
62,15.9,15.7,f,r,r
59,15,15,f,r,l
63,21,21,f,r,r
65,18,18.5,f,r,r
62,18,18.5,f,r,r
60,19.8,20.6,f,r,r
61,16,18,f,r,r
62.5,19.5,19.5,f,r,l
63,19,19,f,r,l
79,25,24.8,m,r,r
68,23,23,f,r,r
66,20,20,f,r,l
64,18,19.4,f,r,r
73,24.5,24,m,r,r
72,21.5,22.5,m,r,r
70,19.5,19.5,f,r,l
65,17.5,18,f,r,r
77,23.8,24.5,m,r,r
63,17.3,17.4,f,l,l
68,19,19,f,r,l
67,20,19.5,f,r,r
65,20,19,f,r,r
61,20,20,f,r,r
70,21.5,21,f,r,r
70,20,19,f,r,r
67,19.6,20.1,m,r,r
66,19,19,f,r,l
72,16,17,m,r,r
70,21.1,21.4,m,r,l
67,20.6,20.4,m,l,r
74.5,23,23.5,m,r,l
67.5,17,17,f,r,r
69.5,15.5,16.5,f,r,r
69,19,19,f,r,l
72,24.6,24.5,m,r,r
73.5,23,23.5,m,l,r
63.5,19.5,19.5,f,r,l
69,23,23,f,r,r
69,19.5,19,f,r,r
67,19,19.5,f,r,r
73,21.3,20.4,m,r,r
72,15.9,15.7,m,r,r
64,12,12,f,l,l
78,25,25,m,l,r
79,25,25,m,r,r
69,23.5,22,m,l,l
69,22.5,22,m,r,r
68,20.8,20.4,m,r,l
69,23.4,23.5,m,r,r
73,23.5,23.7,m,r,r
62,17.5,17.8,f,r,l
67,20,20,f,r,l
62,19,19.5,f,r,r
66,21.2,20.3,f,r,l
72,22.6,22.2,m,r,l
67,22,22.5,f,r,r
66,20,20,m,r,r
68,21,21,m,l,r
67,17,18,m,r,l
70,23,22.5,m,r,r
70,22,21.5,m,r,l
65,20,20,f,r,r
65,19.8,19.6,f,r,l
64,19,19,f,r,r
60,18,19,f,r,r
66,19.5,19.7,f,r,l
65,12.5,21.5,m,r,l
71,24.7,24.7,m,r,r
67,19,19,f,l,l
68,22.5,21.5,m,r,l
65,21,20.5,f,r,l
66,18.7,18.9,f,r,r
70,24.5,24.5,m,r,r
65,23,23,m,r,l
63,21.1,21.1,f,r,l
70,20,20,m,l,r
65,19,19,f,r,r
61,14,15.5,f,r,r
72,21.5,23.1,m,r,r
63,19.9,19.5,f,r,r
64,20.5,20.8,f,r,l
61,19.5,19,f,r,l
63,19.3,19,f,r,r
71,22,22,m,r,l
58,15,15,f,r,l
64,18,17,f,l,r
64,18,18.2,f,r,l
68,21,19,f,r,l
62,20.5,20.5,f,r,r
63,20.3,20.2,f,r,r
67,22,22,f,r,r
67,23,22.5,m,r,r
64,17.5,17.4,f,r,r
61,15,16,f,r,r
69,20.5,21,f,l,l
67,18.5,18.5,f,r,r
64,18.5,19.5,f,r,r
68,19.4,20.1,f,r,l
68,19,20,f,r,r
74,21.6,21.5,m,r,r
67,19.4,19.6,f,r,r
64,20.7,20.6,f,r,l
66,19.5,19.5,f,r,r
70,20,19.8,f,r,l
66,18,18,f,r,r
73,21.5,22,m,r,l
70,22,23.5,f,r,r
65,19,20,f,r,r
63,21,22,f,r,r
71,22.5,22,m,r,r
68,18.6,18.2,f,r,r
69,23,22,m,r,r
56,20.6,20.6,m,r,r
68,20.5,20.3,m,r,r
66,17.5,17.9,f,r,l
61,18.2,18.5,f,r,r
66,19.5,20.5,f,r,r
64,19,19.5,f,l,l
66,19,19.5,f,l,l
65,19.5,19.5,f,r,r
66,23,21,m,r,l
70,17,18,m,r,l
65,21.5,21,f,r,r
69,23.5,22.5,m,r,r
65.5,19,20,f,r,l
67,14.8,15.2,f,r,l
63,17,17,f,r,l
66,16.5,16.5,f,r,r
63.5,17.2,17.7,f,r,l
61,13.5,13.1,f,r,r
63,19.1,20.4,f,l,r
71,20.5,20.2,m,r,r
62,18,18,f,r,r
74,20,19.5,m,r,l
71,21,20,m,r,r
64,18.7,19.2,f,r,r
65,21,20.5,f,r,r
70,22.9,23,m,l,r
71,23,22.5,m,r,r
72,22.5,21.5,m,r,r
69,21.5,22,m,r,r
64,18.2,19.3,f,r,r
60,21,20.5,f,r,r
63,20.5,20.5,f,r,l
60,18.8,18.5,f,r,r
64,18,18,f,r,r
69,19.5,20.7,f,r,l
69,21,22.5,f,r,l
66,21.1,20.9,f,r,r
68,21,22,m,l,r
72,22,21.5,m,r,r
57,18,19,f,r,r
72,20,20,m,r,r
65.5,18.5,20,f,r,r
65,20.5,21,f,r,l
65,21.5,21.5,f,r,l
71,23.5,23.5,m,r,r
74,24,23.5,m,r,l
70,21.5,22,m,r,l
68,19,19.5,m,r,r
67.5,18,18,m,l,r
69,19.9,19.7,f,l,l
60,15.9,15.5,f,r,r
65,19,19.5,f,r,r
68,22,22,f,r,l
67,19.3,19.5,f,r,r
65,20.1,20.9,m,r,r
64,15,15.5,f,r,l
62.5,14,16,f,r,l
61,15,16,f,r,l
72,25,25,m,r,l
64,20,21,f,r,l
69,21,21.2,f,r,l
64,21,21,f,r,r
68,16,16,f,r,r
61,16,17,f,r,r
64,16.5,17.5,f,r,r
67,20,19.9,f,r,l
68,19,18.5,f,r,r
70,23,21,f,l,l
62,19,19.5,f,r,r
64,21,20.8,f,r,l
60,19,18.8,f,r,l
66,20.5,20,m,r,l
74,20.5,20,m,r,l
69,23,23,m,r,l
60,17.5,19,f,r,r
67,19.3,19,f,r,l
63,19,20.5,f,l,l
67,21,21,f,r,r
65,21,20.5,f,r,r
65,21,22,f,r,r
61.5,18,17,f,r,r
62.5,21,20.5,f,r,r
63,15,16,f,r,l
61,17.5,17,f,r,l
66,23,23,f,r,r
62,16.8,16,f,l,l
71,23.4,23.5,m,r,l
64,17.5,18,f,r,l
68,22.1,22,m,r,l
68,21.1,21.8,m,r,r
65,23,22.8,m,r,r
68,23.1,23,m,r,l
66,21.1,21.1,m,r,l
69,21.5,21.5,m,r,r
63,17,17,f,l,r
66,16,15.5,f,r,r
71,21.5,22,f,r,l
68,18,18,f,r,l
67,19.5,19.5,f,r,l
71,22,22,f,r,l
69,20.75,20,m,r,r
67,21.2,21.3,f,r,r
64,19.5,19.5,f,r,l
63,17.8,18,f,r,l
67,21.5,21.2,m,r,l
67,17,17,f,r,r
61,17.5,17.5,f,r,r
70,23,22.5,m,r,r
66,19,19.2,f,l,l
64,18.5,18.5,f,r,l
69,20.8,20.8,f,r,l
64,21,20.8,f,r,l
64,21.1,20.9,f,r,l
58,21.5,21,f,r,r
67,21,20.1,f,r,r
64,20.6,20.4,f,r,r
70,21.2,21.4,m,r,r
64,19.1,19.5,f,r,r
64,18,18.5,f,l,l
69,22.5,22.3,m,r,r
67,23.5,23,f,r,r
64,20.4,21.5,f,r,r
66,20.5,20.3,f,r,l
73,24.7,24.8,m,r,r
68,20,19.7,f,r,r
66,19.5,19.4,f,r,r
65,20.1,20.4,f,r,r
70,25,24.5,m,r,r
70,21.5,22,m,r,r
74,25,25,m,r,r
63,20,20.5,f,r,r
67.5,19.8,18.7,f,l,r
62.5,19,16.5,f,r,r
60,18,19,f,r,l
53,18.5,19,f,r,r
73,22.2,21.5,m,r,r
67.7,21,21.5,f,r,r
52,19,19.5,f,r,l
62,17.5,17.5,f,r,r
65,20.5,20.1,f,r,r
72,23.8,23.6,f,r,r
62.5,18,17.5,f,r,r
68,22.5,21,m,r,r
72,21,20.6,m,r,r
72,20.5,21,m,r,r
67.5,22,22,m,r,l
66.5,16.5,17,f,r,r
72,22,21,m,r,l
72,23.1,23.3,m,r,l
71,20.6,20.7,m,r,r
72,22,22,m,r,r
73,23,23,m,r,l
59,17,17.5,f,r,l
64,20.8,21.5,f,r,r
71,21.5,21.5,f,r,r
69,22,22,m,l,l
74,22.5,22.5,m,r,r
65,20.5,21.5,f,r,l
62,21,20,f,r,r
71,24,23.7,m,r,r
69,20.5,20,f,r,l
67,21.3,21.9,f,r,r
68,19.5,20.2,f,l,l
68,22,22,m,l,l
67.5,17,18,m,r,r
72,19.5,20.3,f,r,l
63.5,22.5,21.5,f,r,r
66,19,19,f,r,r
74,25,24.8,m,r,r
74,27,27,m,r,r
69,21.3,20.8,f,r,l
74,23,23,m,r,l
69,21,21,m,r,r
69,21.5,21.5,m,l,l
69,22,22,m,r,r
62,19.5,19,f,r,l
71,23.6,23.8,m,r,l
75,18.5,20.5,m,r,r
61,17.6,18,f,r,r
71,23,25,m,r,r
74.5,25.5,25.5,m,r,r
68,22.5,22.5,m,r,r
70,22,22,m,l,l
66,20.7,21,f,r,r
66,19.2,19.1,f,r,r
59,18,18.2,f,r,l
66,18.3,19.3,f,r,r
62,17,17,f,r,l
67,23,22,f,r,r
64,20.1,20.3,f,r,r
61,18.2,17.5,f,l,l
66,21,22,m,r,r
67,22,20.5,m,r,l
63,18.5,19.5,f,r,r
65,18.5,18.6,f,r,r
69,18,18.5,f,r,r
68,21.1,20.9,f,r,r
66,19,19.5,f,r,r
77,25,25,m,r,l
70,20.8,20.6,f,r,r
64,17.5,16.5,f,r,l
66,18,18.5,f,r,r
64,20,20,m,r,r
65,20.5,21,f,r,r
73,23,23,m,r,r
64,16,16,f,r,r
72,20,20,m,r,r
60,21.5,21,f,r,r
63,17,17,f,r,r
65,19,18.75,f,r,r
68,23.8,23.1,m,r,r
69,20.5,20.5,f,l,r
64,19.3,18.1,f,r,r
70,23,22.6,m,r,r
61,17,16.5,f,r,l
62,19.5,19.7,f,r,l
68,19.5,19.5,f,r,r
72,24,23.1,m,r,l
71,21.5,21.6,m,r,r
62,18.5,20,f,r,l
65,20.5,21,m,r,r
62,19,19,f,r,r
71,25,25,m,r,l
60,19,19,f,r,r
67,16,17,f,r,r
71.5,23.5,23.3,m,r,l
66,18,19,m,r,r
66,15.5,18,f,r,r
65,21.3,22.2,f,r,l
70,23,22.3,m,r,r
52,20.5,20,f,r,r
65.62,19,19,f,r,r
69,21,21,f,r,l
69,22,22,m,l,l
68,23,22.5,m,r,l
71,23.5,24,m,r,r
65,18,18,f,r,l
64,19.5,19.5,f,r,l
72,20.5,22,f,l,r
60,18.5,18.5,f,r,l
66,22.1,21.5,m,r,l
69,20.5,21,m,r,l
61,22,21,f,r,l
71,24,24,m,r,r
70,22.4,22.7,m,r,l
68,20.5,20,f,r,r
62,19,20,f,l,l
69,23.5,24,m,r,r
74,22,22,m,r,r
63,18.5,19.3,f,r,r
68,20,19,f,r,r
63,20.5,19.5,f,r,l
68,23,23,m,r,l
63,20.4,19.4,f,r,r
72,24,23,m,r,l
62,21.5,21.5,f,r,r
72,24.5,24.8,m,r,r
73,23.5,23.5,m,r,l
69,22.5,23,m,r,r
67.5,23,22,m,r,r
63.5,20,19.5,f,r,r
65,21.5,20.25,f,r,r
65,20,21,f,r,l
70,20.5,21,m,r,r
64,20.5,21,f,r,l
71,22.5,23,m,r,r
64,21.5,21.5,m,r,r
68,20.5,20.5,f,r,r
63,20.5,20.5,f,r,r
66,20.5,21,f,r,r
65,18.8,19,f,r,r
73,24.3,24.3,m,r,r
67,21,21,m,l,r
76,27,28,m,r,r
61,18.6,18.5,f,r,r
68,21,21,f,l,l
68,20.6,22.4,m,r,l
70,21,21,m,r,l
62,21,21,f,r,r
70,24.5,24.7,m,r,r
64,20,21,f,l,r
67,21,21,f,r,r
60,18,19,f,r,r
64,20.5,21,f,r,l
73,22.3,21,m,r,r
73,22,22,m,r,l
65,21,20.8,f,r,l
71,23,23,m,r,l
66,20,20.5,m,r,l
64,17.2,18.1,f,r,r
63,17.5,18.2,f,r,r
67,20.7,20.8,f,r,l
64,19,18,f,r,l
60,19,18,f,r,r
67,22.7,22.7,f,r,r
65,21.5,21,m,r,l
68,21.9,22,m,r,r
70,24,24,m,r,r
61,22,22,f,r,r
72,23.5,23.5,m,l,l
68,18.5,18.7,m,r,l
68,21,21.45,f,r,l
67.32,20.5,21,f,r,l
66,19.8,18.9,m,r,r
70,23.5,23.5,m,r,r
71,20.5,20.5,m,l,l
70,20.5,21,f,r,r
65,19.5,21.2,m,r,r
65,19.5,19.6,f,l,l
67,21,19,f,r,l
71,22.9,22.7,m,r,r
74,21,21,m,r,l
68,19,19,f,r,l
62,19,19,f,r,r
75,24.5,23.5,m,r,l
66,22,21,f,r,l
62,21.5,21.5,f,r,r
64,21.5,21,f,r,r
66,21,21,f,r,l
63,22,22.6,f,r,l
63,18.4,18.7,f,r,r
64,17,16,f,r,r
61,14.5,14.5,f,r,r
59,17.5,17.3,f,r,l
73,21,21.5,m,l,r
70,21,20.5,f,r,r
61,20,19,f,r,r
71,22,22,m,r,l
60,21,21,m,r,l
67,22.3,22.5,m,r,r
65,21,20.8,m,r,r
54,18.5,18.5,f,r,l
67.5,19.5,20,f,r,r
69,18,17.5,m,r,r
62,17.5,17,f,r,l
68,19,19.6,f,r,l
69,21.5,20.5,f,r,r
70,23.75,24.5,m,r,r
68,21,22,f,r,r
71,22.2,22.4,m,r,l
65,19.1,18.5,f,r,r
68,18.8,18.5,f,r,r
63,17,18,f,r,r
66,20,20.5,m,r,l
66,19,19.5,f,r,l
70,23.5,22,f,r,r
64,20.5,19.6,f,r,r
64,15,16,f,r,l
70,21.4,21.3,m,r,r
63,19,19,f,r,r
68,19.5,20,f,r,r
69,20,20,f,r,r
70,20.4,21.1,f,r,l
58,19,19.5,f,r,r
64,17,16.5,f,r,l
72,21,21.5,m,r,r
68,24.5,25,m,r,r
68,21.5,21.6,m,l,r
74.5,23.5,23.5,m,r,r
76,24,23.6,m,r,r
63,12,13,f,r,r
72,20.5,20.3,m,r,r
72,17,18,f,r,r
64,19.8,20.4,f,r,r
65,15,15,f,r,l
62.5,20.5,21,f,r,r
77,23.5,23.7,m,l,l
71,23.5,23.8,m,r,l
66,13.5,13.3,f,r,r
76.5,25,24.5,m,r,r
60,18.5,18.5,f,r,r
66,21.5,22.3,f,r,r
69,20,22,f,r,l
67,17.1,17.5,f,r,r
66,23.5,23,m,r,r
61,21,21,m,r,r
63,20.2,20.1,f,l,l
71,20.3,20.5,m,r,l
61,15.9,15.4,f,l,l
69,14,23,m,r,l
66,18.8,19,m,r,l
71,19.9,21,m,l,l
64,18,17.2,f,r,r
72,18,19,m,r,r
63,19,20,f,r,l
73,19,19,m,r,r
61.75,20.5,19.5,f,l,l
66,18.5,18,f,r,r
65,20,20.1,m,r,l
63.25,21.5,21.5,f,l,l
69,20.1,20.5,f,r,l
65,20.5,20.3,f,r,r
68,17.6,17.8,f,l,l
61,18,18.5,f,r,l
68,18.5,19.4,f,r,l
62,19,20,f,r,r
65.75,15,19.5,f,r,r
67,20,19,f,r,r
65,13.5,13,f,r,l
60,13.1,13.5,f,r,r
66,15.2,15.5,f,l,l
70,21.1,20.9,m,r,l
70,20.3,20.1,m,r,l
65,18.1,17.9,f,r,l
61,20,19.2,f,r,r
74,17,17,m,r,r
70,24,23.4,m,r,l
64,22.5,21,f,l,r
67,22.3,22.5,f,r,r
63,20.3,20.5,f,l,r
64,20,20,f,r,r
66.5,22.6,21.5,m,r,l
71,24.8,25.1,m,r,r
65,23.5,23,m,r,r
69,21,22,m,r,r
69,20.8,20.8,m,r,l
68,23.5,22,m,r,r
71,24.3,24.1,m,r,l
63,21,20.5,f,r,l
74,22.5,22.75,m,r,l
74,25,25,m,r,r
70,23.4,22.2,m,l,l
63,21.1,21,f,l,r
72,24,24,m,r,l
64,18,18,f,r,r
64.5,19,18.5,f,r,r
75,26,26,m,r,l
64,20,21,f,r,r
71,19.9,20,m,r,r
72,23.5,23,m,r,l
75,23.9,23.5,m,r,l
62,15.3,15.5,f,r,r
67,20,20,m,r,r
70,19.7,20,m,r,r
65,20,21,f,r,r
62,15.5,16,f,r,r
65,21,21,f,r,r
66,18,18.5,f,r,r
68.5,20.5,20.5,f,r,l
67,20,20,f,r,l
60,16.5,17,f,r,r
76,23,22,m,r,l
66,21,20.5,m,l,r
67,17.5,18.8,f,r,r
64,16.5,17.1,f,r,l
70,21.5,22.1,m,r,r
71,23,22.5,m,r,r
71,22,23,m,r,r
65,21.6,21.8,m,r,r
64,17,17,f,r,r
65,19,17,f,r,l
64,17,17,f,r,l
66,17,16,f,r,r
60,17.5,18,f,r,r
65,16.3,16.8,f,r,r
76,21.3,21.2,m,r,r
63,15,15.5,f,r,r
68,20.5,20,f,r,r
75,23,22.1,m,r,l
72,20.1,20.2,m,r,r
65,22,21,f,r,r
63,17.5,18,f,l,r
66,16,15,f,r,l
64,21,21.8,f,r,r
65,19,19,f,r,l
68,21.2,20.8,m,r,l
61,19.3,19.1,f,r,r
65,20.5,20.5,f,r,l
71,23,23,m,r,l
69,23,23,m,r,r
66,22,22,f,r,r
66,21.8,22,f,r,l
67,20.1,20.1,f,r,l
66,23,22,f,r,r
69,15.4,18,f,r,l
64,16.2,16,f,r,r
68,21.7,20.5,f,r,r
70,22,21.1,m,r,l
72,21,20.5,m,r,r
72,25,24.9,m,r,r
65,20.5,20.8,f,r,r
66,20,19.5,f,r,l
60,17.2,18.3,f,r,r
67,19,19.8,f,r,r
69,22,21.8,f,r,l
73,22.1,21.3,m,r,l
71,22.2,22.4,m,r,r
64,21,19,f,r,r
69,23,22.5,f,r,l
68,18.6,18.1,f,r,l
72,19,18,f,r,r
66,18,18,f,r,r
72,22.4,22.4,m,r,r
59,12.4,12.7,f,r,r
60,21.2,22,f,r,r
61,17.3,17,f,r,r
83,23,22.5,m,r,l
63,17,17.3,f,r,l
70,19.5,20,f,r,r
69,22,21.9,f,r,r
70,23,24,m,l,l
68,20,19.7,f,r,l
68,20.5,20.2,m,r,r
68.5,15.5,15.2,f,r,l
68,21,20,f,r,r
70,16,17,f,r,r
66,19,19,f,r,r
73.5,23.5,23.2,m,r,r
69,20.7,20.2,m,r,r
61,18,19,f,r,l
65.5,20,19.7,f,r,l
68,22.5,23,m,r,r
66,20.1,20.2,f,r,l
69,22,22.2,m,l,r
65,18,19,f,r,r
67,18.8,19.1,f,r,l
67,19.6,19.7,f,r,l
72,21.5,22.5,m,r,l
65,18.5,18.7,f,r,r
63,17.5,18,f,r,l
63,17.5,18,f,r,r
71,20.5,20.8,m,r,l
71,22.6,22.5,m,r,l
64,15,16,f,r,r
68,15.4,17.9,f,r,r
63,17.5,17.8,f,r,l
64,18,18,f,r,r
64,19,19.5,f,r,l
66,20,20.5,f,r,l
62,14.5,15,f,r,l
62,17.5,17.5,f,r,r
62,20,20,f,r,r
62,21.8,21.8,m,r,r
60,16.9,16.1,f,l,l
65,15,16,f,r,l
62,17,17,f,l,l
62,15.5,15.5,f,r,l
65,17.5,18,f,r,l
70,24,24,m,r,r
69,17,17.5,f,r,r
72,24.5,24,m,r,r
68,15.5,16,f,l,l
66,16,16,f,r,r
66,21,20.5,f,r,r
65,17.8,17.8,f,r,r
61,19,18.5,f,r,l
64,19.9,19.7,f,r,r
64,20,20.5,f,l,l
64,17,17,f,r,l
65,19,19.5,f,r,l
65,19.1,19.9,f,r,r
62,15,15,f,l,l
73,22,21,f,r,r
65,21.5,20,f,r,r
67,20,20,m,r,r
63,19,18.7,f,r,l
60.5,17,17,f,r,r
60,16,17,f,r,l
66,19,19.1,f,r,r
66.5,18.1,19,f,r,r
68,19.2,19.8,f,r,r
70,18.9,19.1,m,r,r
64,17.8,18.3,f,r,l
62,18,18,f,r,r
68,20.2,20.1,f,r,l
63,20.2,20.2,f,r,l
60,18.5,18.5,f,r,l
69,20.2,20.3,m,r,l
68,21.5,21,m,l,l
74,24.5,25,m,l,l
64,18.4,18.5,f,r,l
71.5,21,20.5,m,r,l
66,17.5,18,f,r,r
70,20.5,20.5,m,r,r
68,19,19.5,m,r,l
66,18,18,f,r,l
65,20.5,20.5,m,r,r
69,17.5,17.8,m,r,r
74,21.5,21.5,m,r,l
69,19.8,19.3,f,r,r
68,20,19.5,f,r,r
68,20.5,21,f,r,r
66,18,18,f,r,l
71.5,23.3,23.5,m,r,r
72,17,14.5,f,r,l
63,17,17,f,r,r
63,18.8,18.7,f,r,l
65,19,20,f,r,r
60,18,18.5,f,r,l
64,17.5,17.7,f,r,l
67,16,16.2,f,r,r
64,16,16,f,r,r
64,18.8,19,f,r,r
67,21,20.8,f,r,r
68,20.5,20.4,f,l,r
65,19,18.7,f,r,r
67,20.7,19.5,f,r,l
71,21.3,21.7,m,l,r
74,20.3,21,m,r,r
71,23,22,m,r,r
63,16.2,16.2,f,r,r
70,22.5,22.5,m,r,r
75,23,23,m,l,r
64,19.3,19.5,f,r,l
63,19,19,f,r,l
63,17,17,f,r,l
75,22,23,m,r,r
63,17.5,17.8,m,r,r
65,20.1,20.5,f,r,r
66,19.1,19.6,f,r,r
67,18,20,f,r,r
63,19.2,20,f,r,r
66,16.1,16.3,f,r,r
73,22.2,22.2,m,r,r
63,19.5,19.3,f,r,l
72,22,22,m,r,r
65,18.7,18.4,f,r,r
76,23,23.1,m,r,r
74,22.3,22.4,m,r,l
67,20.1,18.5,m,l,l
67,20.2,21.3,m,r,r
62,17.6,17.5,f,r,r
67,21.8,22.6,m,r,r
73,22.4,22.5,m,r,r
67,18,18,f,r,r
62,19.5,20,f,r,r
64,17.5,18,f,r,r
67,20.5,20,m,r,l
63,16,15.8,f,r,r
62,19.6,19.2,f,r,l
72,24,23.8,m,l,l
71,22.1,22.7,m,r,
65,17,17.7,f,r,l
62,17,17.5,f,r,r
64,17,17,f,r,l
69,20.2,19.5,f,r,r
72,22,22,m,r,l
64,15,14.6,f,r,r
67,20.2,20.1,f,r,r
67,21,20.1,f,l,r
69,18.9,19.8,f,r,l
65,18.4,18.5,f,r,r
64,19.8,19.5,f,r,l
67,20.5,21,m,r,r
72,22.5,22.8,m,r,r
65,19,18.5,f,r,r
70,20,20,f,r,l
65,14,15,f,r,l
70,18,17,f,r,r
67,17,17.5,f,r,r
70,20.8,19.9,m,r,r
68,20.1,19.9,f,r,r
66,19.7,19.5,f,r,l
63,20.5,20,f,r,l
64,18.5,18.5,f,r,r
64,16.5,16.5,f,r,r
70,16.4,16.6,m,r,r
72,20,21,m,r,r
74,21.9,22.2,m,r,l
66,20,20,f,r,r
62,20,20.2,f,l,r
75,18,20.5,m,r,r
69,19,20,m,r,l
67,20.4,20.4,m,r,r
63,18.2,18.5,m,r,r
70.5,22.5,22,m,r,l
65,15.5,16.4,f,r,
62,18,18.5,f,r,l
76,23,23,m,r,l
72,21.5,21.5,m,r,r
67,19.5,19.5,m,r,r
66.5,18.5,18.5,f,r,r
64,18.3,18.7,f,r,l
69,21.2,20.5,m,r,r
72,21,20.9,m,r,l
70.5,22.8,22.9,m,r,r
68,15,14.5,f,r,r
72,19.1,18.6,m,r,r
67,19.7,19.3,f,r,r
67,16.9,17.3,f,r,l
65,15.5,16,f,r,r
72,21,21.5,m,r,l
68,15.1,17.7,f,r,r
76,22,22,m,r,r
62,16,17,f,r,r
70,19,19,m,r,r
73,21,21,m,r,r
71,19.7,19.6,m,r,l
67,20,20,m,r,l
71,21.1,20.7,m,r,l
67,20,20.4,m,r,l
69,22,21.5,m,r,r
72,24,24.5,m,l,l
61,20.1,20.1,f,l,r
68,21.4,21.5,f,r,r
70,21.2,21.2,m,r,l
72,20,19.4,m,r,l
67,21.9,21.2,m,r,r
60.6,16.4,16.3,f,r,l
72,20.3,20.5,f,r,r
65,20,20.4,f,r,r
72,20.5,20.5,m,r,l
72,21.9,21.9,m,r,r
67,19.3,19.3,f,r,r
62,18,18,f,l,r
78,23,24,m,r,r
62,18,18.5,f,r,l
63,18,19.3,f,r,r
63,18.5,18.5,f,r,r
69,21.5,22,m,l,r
63,17.4,17.4,f,l,r
74,22,22.1,m,r,r
71,23,23.5,m,l,l
72,22.2,21.5,m,l,r
66,21.5,21.5,m,r,r
73,22,22,m,r,l
70,23.5,23.8,m,r,l
72,23.3,23,m,r,l
62,19,17,f,l,r
70,23.1,22.9,m,r,l
74,22,22.7,m,r,r
71.75,20,20.4,m,r,r
65,19,19,m,r,r
71,22,21.5,m,r,l
71,20.1,20.3,m,r,r
63,20,20,f,r,r
65,19.5,20.5,,r,r
63,18,18,f,r,r
63,18,18,f,r,r
68,22,21.5,f,r,l
65,20.3,19.5,f,l,l
66,17,17,f,r,r
,21.5,21.5,f,l,l
73,20.3,20.2,m,r,r
64,20,20,f,r,r
72,23.8,24.2,m,r,r
60,19,19,f,r,r
69,20,20,,r,r
72,18.5,20,m,r,r
70,21.5,22,f,r,r
70,21,21,m,r,r
77,22.5,22.6,m,r,l
67,18.5,19.2,f,r,r
64,21.4,21.3,f,r,l
71,20.5,20,m,r,r
67,20,19,f,r,l
68,20,20.5,m,r,r
60,14.4,14.7,f,r,r
65,19.5,19.6,f,r,l
73,22.6,22.6,m,r,r
71,19.8,19.8,m,r,r
70,23.7,23.9,m,r,r
69,21,21,f,r,l
72,23,23,m,r,l
74,19.5,18,m,r,l
74,21.4,20.8,m,r,r
70,20,19.5,m,r,r
